Month,Fuel Type,Price
1988-01-01,Gasoline,56.0
1988-01-01,Diesel,40.0
1988-01-01,"Kevyt polttoöljy, snt/l",16.0
1988-02-01,Gasoline,56.0
1988-02-01,Diesel,40.0
1988-02-01,"Kevyt polttoöljy, snt/l",16.0
1988-03-01,Gasoline,56.0
1988-03-01,Diesel,40.0
1988-03-01,"Kevyt polttoöljy, snt/l",15.2
1988-04-01,Gasoline,56.0
1988-04-01,Diesel,39.7
1988-04-01,"Kevyt polttoöljy, snt/l",15.2
1988-05-01,Gasoline,56.3
1988-05-01,Diesel,39.9
1988-05-01,"Kevyt polttoöljy, snt/l",15.2
1988-06-01,Gasoline,56.5
1988-06-01,Diesel,39.9
1988-06-01,"Kevyt polttoöljy, snt/l",15.2
1988-07-01,Gasoline,56.5
1988-07-01,Diesel,39.9
1988-07-01,"Kevyt polttoöljy, snt/l",15.2
1988-08-01,Gasoline,56.5
1988-08-01,Diesel,39.9
1988-08-01,"Kevyt polttoöljy, snt/l",15.2
1988-09-01,Gasoline,56.7
1988-09-01,Diesel,39.9
1988-09-01,"Kevyt polttoöljy, snt/l",15.2
1988-10-01,Gasoline,56.5
1988-10-01,Diesel,39.9
1988-10-01,"Kevyt polttoöljy, snt/l",15.1
1988-11-01,Gasoline,56.7
1988-11-01,Diesel,39.9
1988-11-01,"Kevyt polttoöljy, snt/l",14.3
1988-12-01,Gasoline,56.7
1988-12-01,Diesel,39.9
1988-12-01,"Kevyt polttoöljy, snt/l",14.3
1989-01-01,Gasoline,56.2
1989-01-01,Diesel,41.4
1989-01-01,"Kevyt polttoöljy, snt/l",16.7
1989-02-01,Gasoline,56.0
1989-02-01,Diesel,41.5
1989-02-01,"Kevyt polttoöljy, snt/l",16.8
1989-03-01,Gasoline,58.5
1989-03-01,Diesel,43.9
1989-03-01,"Kevyt polttoöljy, snt/l",16.7
1989-04-01,Gasoline,61.9
1989-04-01,Diesel,44.9
1989-04-01,"Kevyt polttoöljy, snt/l",16.8
1989-05-01,Gasoline,61.4
1989-05-01,Diesel,43.9
1989-05-01,"Kevyt polttoöljy, snt/l",17.5
1989-06-01,Gasoline,60.6
1989-06-01,Diesel,43.2
1989-06-01,"Kevyt polttoöljy, snt/l",17.5
1989-07-01,Gasoline,60.4
1989-07-01,Diesel,43.4
1989-07-01,"Kevyt polttoöljy, snt/l",17.7
1989-08-01,Gasoline,59.4
1989-08-01,Diesel,43.2
1989-08-01,"Kevyt polttoöljy, snt/l",17.5
1989-09-01,Gasoline,61.4
1989-09-01,Diesel,44.7
1989-09-01,"Kevyt polttoöljy, snt/l",18.0
1989-10-01,Gasoline,60.2
1989-10-01,Diesel,45.9
1989-10-01,"Kevyt polttoöljy, snt/l",19.0
1989-11-01,Gasoline,60.0
1989-11-01,Diesel,47.3
1989-11-01,"Kevyt polttoöljy, snt/l",20.0
1989-12-01,Gasoline,60.4
1989-12-01,Diesel,49.1
1989-12-01,"Kevyt polttoöljy, snt/l",21.0
1990-01-01,Gasoline,68.0
1990-01-01,Diesel,52.3
1990-01-01,"Kevyt polttoöljy, snt/l",21.5
1990-02-01,Gasoline,68.1
1990-02-01,Diesel,51.3
1990-02-01,"Kevyt polttoöljy, snt/l",20.5
1990-03-01,Gasoline,68.0
1990-03-01,Diesel,50.1
1990-03-01,"Kevyt polttoöljy, snt/l",19.3
1990-04-01,Gasoline,66.8
1990-04-01,Diesel,47.8
1990-04-01,"Kevyt polttoöljy, snt/l",18.7
1990-05-01,Gasoline,66.3
1990-05-01,Diesel,46.9
1990-05-01,"Kevyt polttoöljy, snt/l",18.3
1990-06-01,Gasoline,68.1
1990-06-01,Diesel,46.8
1990-06-01,"Kevyt polttoöljy, snt/l",17.5
1990-07-01,Gasoline,68.1
1990-07-01,Diesel,46.9
1990-07-01,"Kevyt polttoöljy, snt/l",17.7
1990-08-01,Gasoline,74.5
1990-08-01,Diesel,52.3
1990-08-01,"Kevyt polttoöljy, snt/l",23.2
1990-09-01,Gasoline,79.6
1990-09-01,Diesel,56.7
1990-09-01,"Kevyt polttoöljy, snt/l",27.6
1990-10-01,Gasoline,74.3
1990-10-01,Diesel,57.9
1990-10-01,"Kevyt polttoöljy, snt/l",27.3
1990-11-01,Gasoline,71.8
1990-11-01,Diesel,57.0
1990-11-01,"Kevyt polttoöljy, snt/l",27.3
1990-12-01,Gasoline,67.4
1990-12-01,Diesel,55.5
1990-12-01,"Kevyt polttoöljy, snt/l",25.2
1991-01-01,Gasoline,74.3
1991-01-01,Diesel,56.3
1991-01-01,"Kevyt polttoöljy, snt/l",24.9
1991-02-01,Gasoline,72.8
1991-02-01,Diesel,54.0
1991-02-01,"Kevyt polttoöljy, snt/l",22.7
1991-03-01,Gasoline,74.8
1991-03-01,Diesel,51.0
1991-03-01,"Kevyt polttoöljy, snt/l",19.9
1991-04-01,Gasoline,74.3
1991-04-01,Diesel,49.5
1991-04-01,"Kevyt polttoöljy, snt/l",19.9
1991-05-01,Gasoline,75.2
1991-05-01,Diesel,50.0
1991-05-01,"Kevyt polttoöljy, snt/l",20.7
1991-06-01,Gasoline,75.4
1991-06-01,Diesel,50.1
1991-06-01,"Kevyt polttoöljy, snt/l",20.9
1991-07-01,Gasoline,74.5
1991-07-01,Diesel,51.1
1991-07-01,"Kevyt polttoöljy, snt/l",22.0
1991-08-01,Gasoline,74.2
1991-08-01,Diesel,51.5
1991-08-01,"Kevyt polttoöljy, snt/l",22.2
1991-09-01,Gasoline,74.0
1991-09-01,Diesel,51.6
1991-09-01,"Kevyt polttoöljy, snt/l",22.0
1991-10-01,Gasoline,73.8
1991-10-01,Diesel,54.0
1991-10-01,"Kevyt polttoöljy, snt/l",23.9
1991-11-01,Gasoline,75.0
1991-11-01,Diesel,55.0
1991-11-01,"Kevyt polttoöljy, snt/l",23.4
1991-12-01,Gasoline,72.0
1991-12-01,Diesel,53.0
1991-12-01,"Kevyt polttoöljy, snt/l",21.4
1992-01-01,Gasoline,76.2
1992-01-01,Diesel,52.1
1992-01-01,"Kevyt polttoöljy, snt/l",21.7
1992-02-01,Gasoline,74.7
1992-02-01,Diesel,51.6
1992-02-01,"Kevyt polttoöljy, snt/l",21.7
1992-03-01,Gasoline,73.3
1992-03-01,Diesel,50.1
1992-03-01,"Kevyt polttoöljy, snt/l",21.0
1992-04-01,Gasoline,74.3
1992-04-01,Diesel,49.8
1992-04-01,"Kevyt polttoöljy, snt/l",21.9
1992-05-01,Gasoline,75.9
1992-05-01,Diesel,50.3
1992-05-01,"Kevyt polttoöljy, snt/l",22.9
1992-06-01,Gasoline,79.2
1992-06-01,Diesel,49.5
1992-06-01,"Kevyt polttoöljy, snt/l",22.5
1992-07-01,Gasoline,77.9
1992-07-01,Diesel,48.3
1992-07-01,"Kevyt polttoöljy, snt/l",22.0
1992-08-01,Gasoline,76.5
1992-08-01,Diesel,47.3
1992-08-01,"Kevyt polttoöljy, snt/l",21.4
1992-09-01,Gasoline,78.2
1992-09-01,Diesel,50.1
1992-09-01,"Kevyt polttoöljy, snt/l",25.1
1992-10-01,Gasoline,79.2
1992-10-01,Diesel,51.8
1992-10-01,"Kevyt polttoöljy, snt/l",25.6
1992-11-01,Gasoline,79.1
1992-11-01,Diesel,51.6
1992-11-01,"Kevyt polttoöljy, snt/l",25.4
1992-12-01,Gasoline,78.4
1992-12-01,Diesel,51.3
1992-12-01,"Kevyt polttoöljy, snt/l",24.9
1993-01-01,Gasoline,77.2
1993-01-01,Diesel,53.5
1993-01-01,"Kevyt polttoöljy, snt/l",26.7
1993-02-01,Gasoline,78.9
1993-02-01,Diesel,54.3
1993-02-01,"Kevyt polttoöljy, snt/l",28.1
1993-03-01,Gasoline,80.7
1993-03-01,Diesel,54.5
1993-03-01,"Kevyt polttoöljy, snt/l",28.9
1993-04-01,Gasoline,81.6
1993-04-01,Diesel,54.2
1993-04-01,"Kevyt polttoöljy, snt/l",27.8
1993-05-01,Gasoline,80.4
1993-05-01,Diesel,53.3
1993-05-01,"Kevyt polttoöljy, snt/l",26.9
1993-06-01,Gasoline,78.7
1993-06-01,Diesel,51.8
1993-06-01,"Kevyt polttoöljy, snt/l",26.6
1993-07-01,Gasoline,77.7
1993-07-01,Diesel,51.8
1993-07-01,"Kevyt polttoöljy, snt/l",27.1
1993-08-01,Gasoline,76.9
1993-08-01,Diesel,51.1
1993-08-01,"Kevyt polttoöljy, snt/l",27.3
1993-09-01,Gasoline,75.7
1993-09-01,Diesel,50.5
1993-09-01,"Kevyt polttoöljy, snt/l",27.4
1993-10-01,Gasoline,76.7
1993-10-01,Diesel,52.1
1993-10-01,"Kevyt polttoöljy, snt/l",27.9
1993-11-01,Gasoline,74.7
1993-11-01,Diesel,52.6
1993-11-01,"Kevyt polttoöljy, snt/l",28.4
1993-12-01,Gasoline,73.5
1993-12-01,Diesel,52.1
1993-12-01,"Kevyt polttoöljy, snt/l",26.4
1994-01-01,Gasoline,73.2
1994-01-01,Diesel,52.3
1994-01-01,"Kevyt polttoöljy, snt/l",27.3
1994-02-01,Gasoline,72.7
1994-02-01,Diesel,51.6
1994-02-01,"Kevyt polttoöljy, snt/l",26.2
1994-03-01,Gasoline,74.0
1994-03-01,Diesel,52.1
1994-03-01,"Kevyt polttoöljy, snt/l",25.6
1994-04-01,Gasoline,75.5
1994-04-01,Diesel,51.8
1994-04-01,"Kevyt polttoöljy, snt/l",25.6
1994-05-01,Gasoline,74.7
1994-05-01,Diesel,50.8
1994-05-01,"Kevyt polttoöljy, snt/l",25.6
1994-06-01,Gasoline,75.9
1994-06-01,Diesel,61.1
1994-06-01,"Kevyt polttoöljy, snt/l",25.4
1994-07-01,Gasoline,76.5
1994-07-01,Diesel,60.9
1994-07-01,"Kevyt polttoöljy, snt/l",25.7
1994-08-01,Gasoline,79.1
1994-08-01,Diesel,60.9
1994-08-01,"Kevyt polttoöljy, snt/l",25.2
1994-09-01,Gasoline,78.2
1994-09-01,Diesel,60.4
1994-09-01,"Kevyt polttoöljy, snt/l",24.6
1994-10-01,Gasoline,77.4
1994-10-01,Diesel,60.0
1994-10-01,"Kevyt polttoöljy, snt/l",24.2
1994-11-01,Gasoline,77.9
1994-11-01,Diesel,60.2
1994-11-01,"Kevyt polttoöljy, snt/l",23.2
1994-12-01,Gasoline,76.0
1994-12-01,Diesel,59.9
1994-12-01,"Kevyt polttoöljy, snt/l",23.0
1995-01-01,Gasoline,84.1
1995-01-01,Diesel,62.9
1995-01-01,"Kevyt polttoöljy, snt/l",24.7
1995-02-01,Gasoline,83.6
1995-02-01,Diesel,62.1
1995-02-01,"Kevyt polttoöljy, snt/l",25.1
1995-03-01,Gasoline,83.3
1995-03-01,Diesel,61.2
1995-03-01,"Kevyt polttoöljy, snt/l",24.4
1995-04-01,Gasoline,81.4
1995-04-01,Diesel,59.5
1995-04-01,"Kevyt polttoöljy, snt/l",24.1
1995-05-01,Gasoline,82.2
1995-05-01,Diesel,58.4
1995-05-01,"Kevyt polttoöljy, snt/l",23.6
1995-06-01,Gasoline,81.1
1995-06-01,Diesel,58.2
1995-06-01,"Kevyt polttoöljy, snt/l",24.1
1995-07-01,Gasoline,81.6
1995-07-01,Diesel,58.0
1995-07-01,"Kevyt polttoöljy, snt/l",22.9
1995-08-01,Gasoline,81.4
1995-08-01,Diesel,57.4
1995-08-01,"Kevyt polttoöljy, snt/l",22.5
1995-09-01,Gasoline,79.7
1995-09-01,Diesel,58.2
1995-09-01,"Kevyt polttoöljy, snt/l",23.7
1995-10-01,Gasoline,80.2
1995-10-01,Diesel,57.7
1995-10-01,"Kevyt polttoöljy, snt/l",22.7
1995-11-01,Gasoline,80.4
1995-11-01,Diesel,58.7
1995-11-01,"Kevyt polttoöljy, snt/l",22.4
1995-12-01,Gasoline,80.2
1995-12-01,Diesel,60.0
1995-12-01,"Kevyt polttoöljy, snt/l",24.1
1996-01-01,Gasoline,90.0
1996-01-01,Diesel,60.6
1996-01-01,"Kevyt polttoöljy, snt/l",25.2
1996-02-01,Gasoline,89.3
1996-02-01,Diesel,61.6
1996-02-01,"Kevyt polttoöljy, snt/l",26.6
1996-03-01,Gasoline,88.8
1996-03-01,Diesel,62.2
1996-03-01,"Kevyt polttoöljy, snt/l",25.9
1996-04-01,Gasoline,93.2
1996-04-01,Diesel,63.1
1996-04-01,"Kevyt polttoöljy, snt/l",26.6
1996-05-01,Gasoline,93.0
1996-05-01,Diesel,62.7
1996-05-01,"Kevyt polttoöljy, snt/l",26.2
1996-06-01,Gasoline,92.5
1996-06-01,Diesel,62.4
1996-06-01,"Kevyt polttoöljy, snt/l",25.4
1996-07-01,Gasoline,93.7
1996-07-01,Diesel,62.9
1996-07-01,"Kevyt polttoöljy, snt/l",25.9
1996-08-01,Gasoline,92.3
1996-08-01,Diesel,62.2
1996-08-01,"Kevyt polttoöljy, snt/l",25.4
1996-09-01,Gasoline,90.0
1996-09-01,Diesel,63.1
1996-09-01,"Kevyt polttoöljy, snt/l",27.9
1996-10-01,Gasoline,92.7
1996-10-01,Diesel,65.8
1996-10-01,"Kevyt polttoöljy, snt/l",30.8
1996-11-01,Gasoline,93.9
1996-11-01,Diesel,65.6
1996-11-01,"Kevyt polttoöljy, snt/l",28.8
1996-12-01,Gasoline,94.5
1996-12-01,Diesel,66.6
1996-12-01,"Kevyt polttoöljy, snt/l",29.6
1997-01-01,Gasoline,93.2
1997-01-01,Diesel,65.8
1997-01-01,"Kevyt polttoöljy, snt/l",33.5
1997-02-01,Gasoline,90.2
1997-02-01,Diesel,64.8
1997-02-01,"Kevyt polttoöljy, snt/l",30.8
1997-03-01,Gasoline,92.0
1997-03-01,Diesel,64.3
1997-03-01,"Kevyt polttoöljy, snt/l",29.4
1997-04-01,Gasoline,91.2
1997-04-01,Diesel,63.4
1997-04-01,"Kevyt polttoöljy, snt/l",29.1
1997-05-01,Gasoline,92.3
1997-05-01,Diesel,62.2
1997-05-01,"Kevyt polttoöljy, snt/l",29.3
1997-06-01,Gasoline,92.0
1997-06-01,Diesel,62.1
1997-06-01,"Kevyt polttoöljy, snt/l",28.3
1997-07-01,Gasoline,93.2
1997-07-01,Diesel,62.2
1997-07-01,"Kevyt polttoöljy, snt/l",28.6
1997-08-01,Gasoline,96.2
1997-08-01,Diesel,64.6
1997-08-01,"Kevyt polttoöljy, snt/l",29.9
1997-09-01,Gasoline,92.7
1997-09-01,Diesel,64.1
1997-09-01,"Kevyt polttoöljy, snt/l",28.9
1997-10-01,Gasoline,94.0
1997-10-01,Diesel,64.1
1997-10-01,"Kevyt polttoöljy, snt/l",30.3
1997-11-01,Gasoline,92.0
1997-11-01,Diesel,64.6
1997-11-01,"Kevyt polttoöljy, snt/l",29.3
1997-12-01,Gasoline,92.8
1997-12-01,Diesel,64.9
1997-12-01,"Kevyt polttoöljy, snt/l",28.3
1998-01-01,Gasoline,96.4
1998-01-01,Diesel,66.9
1998-01-01,"Kevyt polttoöljy, snt/l",27.9
1998-02-01,Gasoline,95.5
1998-02-01,Diesel,65.1
1998-02-01,"Kevyt polttoöljy, snt/l",27.6
1998-03-01,Gasoline,95.0
1998-03-01,Diesel,65.9
1998-03-01,"Kevyt polttoöljy, snt/l",26.9
1998-04-01,Gasoline,94.9
1998-04-01,Diesel,64.9
1998-04-01,"Kevyt polttoöljy, snt/l",27.4
1998-05-01,Gasoline,93.2
1998-05-01,Diesel,63.1
1998-05-01,"Kevyt polttoöljy, snt/l",26.4
1998-06-01,Gasoline,95.2
1998-06-01,Diesel,63.1
1998-06-01,"Kevyt polttoöljy, snt/l",25.2
1998-07-01,Gasoline,95.0
1998-07-01,Diesel,62.9
1998-07-01,"Kevyt polttoöljy, snt/l",24.7
1998-08-01,Gasoline,94.5
1998-08-01,Diesel,62.9
1998-08-01,"Kevyt polttoöljy, snt/l",24.2
1998-09-01,Gasoline,94.9
1998-09-01,Diesel,62.9
1998-09-01,"Kevyt polttoöljy, snt/l",25.9
1998-10-01,Gasoline,90.5
1998-10-01,Diesel,62.4
1998-10-01,"Kevyt polttoöljy, snt/l",25.4
1998-11-01,Gasoline,88.0
1998-11-01,Diesel,63.1
1998-11-01,"Kevyt polttoöljy, snt/l",24.6
1998-12-01,Gasoline,86.8
1998-12-01,Diesel,62.9
1998-12-01,"Kevyt polttoöljy, snt/l",22.9
1999-01-01,Gasoline,86.5
1999-01-01,Diesel,62.6
1999-01-01,"Kevyt polttoöljy, snt/l",24.6
1999-02-01,Gasoline,91.2
1999-02-01,Diesel,63.4
1999-02-01,"Kevyt polttoöljy, snt/l",24.1
1999-03-01,Gasoline,92.2
1999-03-01,Diesel,63.1
1999-03-01,"Kevyt polttoöljy, snt/l",25.9
1999-04-01,Gasoline,99.1
1999-04-01,Diesel,65.3
1999-04-01,"Kevyt polttoöljy, snt/l",27.4
1999-05-01,Gasoline,98.1
1999-05-01,Diesel,65.9
1999-05-01,"Kevyt polttoöljy, snt/l",27.3
1999-06-01,Gasoline,99.6
1999-06-01,Diesel,65.3
1999-06-01,"Kevyt polttoöljy, snt/l",26.6
1999-07-01,Gasoline,100.1
1999-07-01,Diesel,68.5
1999-07-01,"Kevyt polttoöljy, snt/l",29.9
1999-08-01,Gasoline,105.8
1999-08-01,Diesel,71.1
1999-08-01,"Kevyt polttoöljy, snt/l",30.1
1999-09-01,Gasoline,105.0
1999-09-01,Diesel,70.8
1999-09-01,"Kevyt polttoöljy, snt/l",32.1
1999-10-01,Gasoline,103.3
1999-10-01,Diesel,70.1
1999-10-01,"Kevyt polttoöljy, snt/l",31.5
1999-11-01,Gasoline,104.6
1999-11-01,Diesel,73.2
1999-11-01,"Kevyt polttoöljy, snt/l",33.6
1999-12-01,Gasoline,108.3
1999-12-01,Diesel,78.9
1999-12-01,"Kevyt polttoöljy, snt/l",35.8
2000-01-01,Gasoline,107.1
2000-01-01,Diesel,81.7
2000-01-01,"Kevyt polttoöljy, snt/l",35.7
2000-02-01,Gasoline,107.3
2000-02-01,Diesel,81.1
2000-02-01,"Kevyt polttoöljy, snt/l",37.5
2000-03-01,Gasoline,114.0
2000-03-01,Diesel,83.1
2000-03-01,"Kevyt polttoöljy, snt/l",38.7
2000-04-01,Gasoline,109.8
2000-04-01,Diesel,80.7
2000-04-01,"Kevyt polttoöljy, snt/l",36.2
2000-05-01,Gasoline,114.4
2000-05-01,Diesel,80.9
2000-05-01,"Kevyt polttoöljy, snt/l",40.5
2000-06-01,Gasoline,123.6
2000-06-01,Diesel,82.7
2000-06-01,"Kevyt polttoöljy, snt/l",39.4
2000-07-01,Gasoline,118.4
2000-07-01,Diesel,81.4
2000-07-01,"Kevyt polttoöljy, snt/l",41.0
2000-08-01,Gasoline,115.7
2000-08-01,Diesel,82.7
2000-08-01,"Kevyt polttoöljy, snt/l",44.4
2000-09-01,Gasoline,117.4
2000-09-01,Diesel,91.7
2000-09-01,"Kevyt polttoöljy, snt/l",54.2
2000-10-01,Gasoline,115.0
2000-10-01,Diesel,91.8
2000-10-01,"Kevyt polttoöljy, snt/l",53.1
2000-11-01,Gasoline,113.9
2000-11-01,Diesel,92.7
2000-11-01,"Kevyt polttoöljy, snt/l",51.6
2000-12-01,Gasoline,104.9
2000-12-01,Diesel,89.8
2000-12-01,"Kevyt polttoöljy, snt/l",47.3
2001-01-01,Gasoline,107.8
2001-01-01,Diesel,83.4
2001-01-01,"Kevyt polttoöljy, snt/l",40.2
2001-02-01,Gasoline,111.3
2001-02-01,Diesel,82.7
2001-02-01,"Kevyt polttoöljy, snt/l",42.7
2001-03-01,Gasoline,111.2
2001-03-01,Diesel,82.2
2001-03-01,"Kevyt polttoöljy, snt/l",40.4
2001-04-01,Gasoline,112.3
2001-04-01,Diesel,82.1
2001-04-01,"Kevyt polttoöljy, snt/l",40.4
2001-05-01,Gasoline,125.5
2001-05-01,Diesel,83.1
2001-05-01,"Kevyt polttoöljy, snt/l",41.5
2001-06-01,Gasoline,117.6
2001-06-01,Diesel,82.4
2001-06-01,"Kevyt polttoöljy, snt/l",44.1
2001-07-01,Gasoline,112.0
2001-07-01,Diesel,82.7
2001-07-01,"Kevyt polttoöljy, snt/l",41.4
2001-08-01,Gasoline,111.3
2001-08-01,Diesel,82.2
2001-08-01,"Kevyt polttoöljy, snt/l",40.7
2001-09-01,Gasoline,112.5
2001-09-01,Diesel,82.4
2001-09-01,"Kevyt polttoöljy, snt/l",42.9
2001-10-01,Gasoline,106.1
2001-10-01,Diesel,81.4
2001-10-01,"Kevyt polttoöljy, snt/l",38.0
2001-11-01,Gasoline,104.4
2001-11-01,Diesel,79.9
2001-11-01,"Kevyt polttoöljy, snt/l",36.3
2001-12-01,Gasoline,98.4
2001-12-01,Diesel,77.7
2001-12-01,"Kevyt polttoöljy, snt/l",32.3
2002-01-01,Gasoline,101.3
2002-01-01,Diesel,79.1
2002-01-01,"Kevyt polttoöljy, snt/l",33.7
2002-02-01,Gasoline,100.4
2002-02-01,Diesel,77.9
2002-02-01,"Kevyt polttoöljy, snt/l",34.0
2002-03-01,Gasoline,103.3
2002-03-01,Diesel,77.9
2002-03-01,"Kevyt polttoöljy, snt/l",37.3
2002-04-01,Gasoline,113.5
2002-04-01,Diesel,78.9
2002-04-01,"Kevyt polttoöljy, snt/l",37.1
2002-05-01,Gasoline,112.4
2002-05-01,Diesel,78.4
2002-05-01,"Kevyt polttoöljy, snt/l",37.4
2002-06-01,Gasoline,107.4
2002-06-01,Diesel,77.3
2002-06-01,"Kevyt polttoöljy, snt/l",34.8
2002-07-01,Gasoline,111.2
2002-07-01,Diesel,77.1
2002-07-01,"Kevyt polttoöljy, snt/l",35.6
2002-08-01,Gasoline,109.1
2002-08-01,Diesel,77.1
2002-08-01,"Kevyt polttoöljy, snt/l",36.5
2002-09-01,Gasoline,111.2
2002-09-01,Diesel,79.6
2002-09-01,"Kevyt polttoöljy, snt/l",39.2
2002-10-01,Gasoline,111.3
2002-10-01,Diesel,79.4
2002-10-01,"Kevyt polttoöljy, snt/l",39.8
2002-11-01,Gasoline,105.5
2002-11-01,Diesel,78.6
2002-11-01,"Kevyt polttoöljy, snt/l",35.4
2002-12-01,Gasoline,103.6
2002-12-01,Diesel,79.2
2002-12-01,"Kevyt polttoöljy, snt/l",38.8
2003-01-01,Gasoline,113.7
2003-01-01,Diesel,84.2
2003-01-01,"Kevyt polttoöljy, snt/l",40.3
2003-02-01,Gasoline,115.1
2003-02-01,Diesel,87.1
2003-02-01,"Kevyt polttoöljy, snt/l",45.9
2003-03-01,Gasoline,114.0
2003-03-01,Diesel,95.0
2003-03-01,"Kevyt polttoöljy, snt/l",49.1
2003-04-01,Gasoline,113.1
2003-04-01,Diesel,84.5
2003-04-01,"Kevyt polttoöljy, snt/l",36.7
2003-05-01,Gasoline,107.6
2003-05-01,Diesel,76.6
2003-05-01,"Kevyt polttoöljy, snt/l",34.8
2003-06-01,Gasoline,110.4
2003-06-01,Diesel,75.5
2003-06-01,"Kevyt polttoöljy, snt/l",36.1
2003-07-01,Gasoline,113.4
2003-07-01,Diesel,78.7
2003-07-01,"Kevyt polttoöljy, snt/l",37.7
2003-08-01,Gasoline,109.9
2003-08-01,Diesel,77.7
2003-08-01,"Kevyt polttoöljy, snt/l",38.3
2003-09-01,Gasoline,109.2
2003-09-01,Diesel,78.0
2003-09-01,"Kevyt polttoöljy, snt/l",36.1
2003-10-01,Gasoline,102.5
2003-10-01,Diesel,76.3
2003-10-01,"Kevyt polttoöljy, snt/l",39.0
2003-11-01,Gasoline,100.9
2003-11-01,Diesel,78.6
2003-11-01,"Kevyt polttoöljy, snt/l",38.7
2003-12-01,Gasoline,103.8
2003-12-01,Diesel,77.6
2003-12-01,"Kevyt polttoöljy, snt/l",37.0
2004-01-01,Gasoline,106.9
2004-01-01,Diesel,78.9
2004-01-01,"Kevyt polttoöljy, snt/l",38.9
2004-02-01,Gasoline,107.6
2004-02-01,Diesel,77.2
2004-02-01,"Kevyt polttoöljy, snt/l",35.6
2004-03-01,Gasoline,110.6
2004-03-01,Diesel,79.9
2004-03-01,"Kevyt polttoöljy, snt/l",39.5
2004-04-01,Gasoline,114.2
2004-04-01,Diesel,81.3
2004-04-01,"Kevyt polttoöljy, snt/l",41.4
2004-05-01,Gasoline,118.3
2004-05-01,Diesel,84.9
2004-05-01,"Kevyt polttoöljy, snt/l",43.0
2004-06-01,Gasoline,113.6
2004-06-01,Diesel,79.8
2004-06-01,"Kevyt polttoöljy, snt/l",42.7
2004-07-01,Gasoline,117.8
2004-07-01,Diesel,83.1
2004-07-01,"Kevyt polttoöljy, snt/l",44.9
2004-08-01,Gasoline,116.7
2004-08-01,Diesel,85.9
2004-08-01,"Kevyt polttoöljy, snt/l",48.0
2004-09-01,Gasoline,116.5
2004-09-01,Diesel,88.0
2004-09-01,"Kevyt polttoöljy, snt/l",48.3
2004-10-01,Gasoline,120.0
2004-10-01,Diesel,94.9
2004-10-01,"Kevyt polttoöljy, snt/l",55.9
2004-11-01,Gasoline,115.2
2004-11-01,Diesel,92.6
2004-11-01,"Kevyt polttoöljy, snt/l",49.3
2004-12-01,Gasoline,111.2
2004-12-01,Diesel,91.1
2004-12-01,"Kevyt polttoöljy, snt/l",44.9
2005-01-01,Gasoline,108.0
2005-01-01,Diesel,87.8
2005-01-01,"Kevyt polttoöljy, snt/l",47.7
2005-02-01,Gasoline,112.0
2005-02-01,Diesel,88.2
2005-02-01,"Kevyt polttoöljy, snt/l",48.1
2005-03-01,Gasoline,112.7
2005-03-01,Diesel,93.4
2005-03-01,"Kevyt polttoöljy, snt/l",54.3
2005-04-01,Gasoline,120.6
2005-04-01,Diesel,97.2
2005-04-01,"Kevyt polttoöljy, snt/l",53.8
2005-05-01,Gasoline,116.5
2005-05-01,Diesel,93.1
2005-05-01,"Kevyt polttoöljy, snt/l",52.3
2005-06-01,Gasoline,120.6
2005-06-01,Diesel,97.0
2005-06-01,"Kevyt polttoöljy, snt/l",60.7
2005-07-01,Gasoline,126.8
2005-07-01,Diesel,98.4
2005-07-01,"Kevyt polttoöljy, snt/l",61.4
2005-08-01,Gasoline,128.6
2005-08-01,Diesel,98.8
2005-08-01,"Kevyt polttoöljy, snt/l",63.2
2005-09-01,Gasoline,135.1
2005-09-01,Diesel,104.4
2005-09-01,"Kevyt polttoöljy, snt/l",66.0
2005-10-01,Gasoline,130.3
2005-10-01,Diesel,103.7
2005-10-01,"Kevyt polttoöljy, snt/l",68.4
2005-11-01,Gasoline,119.3
2005-11-01,Diesel,99.7
2005-11-01,"Kevyt polttoöljy, snt/l",62.1
2005-12-01,Gasoline,123.0
2005-12-01,Diesel,100.9
2005-12-01,"Kevyt polttoöljy, snt/l",60.7
2006-01-01,Gasoline,122.8
2006-01-01,Diesel,99.6
2006-01-01,"Kevyt polttoöljy, snt/l",61.9
2006-02-01,Gasoline,126.8
2006-02-01,Diesel,101.9
2006-02-01,"Kevyt polttoöljy, snt/l",62.7
2006-03-01,Gasoline,124.4
2006-03-01,Diesel,101.8
2006-03-01,"Kevyt polttoöljy, snt/l",63.7
2006-04-01,Gasoline,132.3
2006-04-01,Diesel,102.6
2006-04-01,"Kevyt polttoöljy, snt/l",67.5
2006-05-01,Gasoline,136.4
2006-05-01,Diesel,105.1
2006-05-01,"Kevyt polttoöljy, snt/l",69.3
2006-06-01,Gasoline,133.3
2006-06-01,Diesel,103.1
2006-06-01,"Kevyt polttoöljy, snt/l",67.8
2006-07-01,Gasoline,138.5
2006-07-01,Diesel,104.4
2006-07-01,"Kevyt polttoöljy, snt/l",68.4
2006-08-01,Gasoline,137.5
2006-08-01,Diesel,105.8
2006-08-01,"Kevyt polttoöljy, snt/l",71.2
2006-09-01,Gasoline,126.3
2006-09-01,Diesel,101.6
2006-09-01,"Kevyt polttoöljy, snt/l",62.3
2006-10-01,Gasoline,122.9
2006-10-01,Diesel,99.3
2006-10-01,"Kevyt polttoöljy, snt/l",60.1
2006-11-01,Gasoline,122.8
2006-11-01,Diesel,101.6
2006-11-01,"Kevyt polttoöljy, snt/l",58.6
2006-12-01,Gasoline,121.4
2006-12-01,Diesel,100.1
2006-12-01,"Kevyt polttoöljy, snt/l",58.3
2007-01-01,Gasoline,116.3
2007-01-01,Diesel,95.8
2007-01-01,"Kevyt polttoöljy, snt/l",54.5
2007-02-01,Gasoline,120.5
2007-02-01,Diesel,97.7
2007-02-01,"Kevyt polttoöljy, snt/l",56.8
2007-03-01,Gasoline,126.4
2007-03-01,Diesel,98.8
2007-03-01,"Kevyt polttoöljy, snt/l",58.1
2007-04-01,Gasoline,128.4
2007-04-01,Diesel,98.7
2007-04-01,"Kevyt polttoöljy, snt/l",61.2
2007-05-01,Gasoline,135.6
2007-05-01,Diesel,97.7
2007-05-01,"Kevyt polttoöljy, snt/l",60.5
2007-06-01,Gasoline,135.4
2007-06-01,Diesel,99.6
2007-06-01,"Kevyt polttoöljy, snt/l",62.5
2007-07-01,Gasoline,135.9
2007-07-01,Diesel,101.1
2007-07-01,"Kevyt polttoöljy, snt/l",65.4
2007-08-01,Gasoline,132.4
2007-08-01,Diesel,100.7
2007-08-01,"Kevyt polttoöljy, snt/l",63.4
2007-09-01,Gasoline,131.4
2007-09-01,Diesel,101.7
2007-09-01,"Kevyt polttoöljy, snt/l",67.1
2007-10-01,Gasoline,128.0
2007-10-01,Diesel,102.1
2007-10-01,"Kevyt polttoöljy, snt/l",67.1
2007-11-01,Gasoline,134.8
2007-11-01,Diesel,115.0
2007-11-01,"Kevyt polttoöljy, snt/l",73.9
2007-12-01,Gasoline,132.5
2007-12-01,Diesel,113.1
2007-12-01,"Kevyt polttoöljy, snt/l",72.2
2008-01-01,Gasoline,142.0
2008-01-01,Diesel,121.8
2008-01-01,"Kevyt polttoöljy, snt/l",76.8
2008-02-01,Gasoline,140.8
2008-02-01,Diesel,120.1
2008-02-01,"Kevyt polttoöljy, snt/l",78.7
2008-03-01,Gasoline,141.9
2008-03-01,Diesel,125.7
2008-03-01,"Kevyt polttoöljy, snt/l",84.4
2008-04-01,Gasoline,141.7
2008-04-01,Diesel,125.6
2008-04-01,"Kevyt polttoöljy, snt/l",86.1
2008-05-01,Gasoline,149.0
2008-05-01,Diesel,135.1
2008-05-01,"Kevyt polttoöljy, snt/l",98.9
2008-06-01,Gasoline,157.4
2008-06-01,Diesel,143.9
2008-06-01,"Kevyt polttoöljy, snt/l",102.5
2008-07-01,Gasoline,157.5
2008-07-01,Diesel,144.2
2008-07-01,"Kevyt polttoöljy, snt/l",102.3
2008-08-01,Gasoline,150.4
2008-08-01,Diesel,136.4
2008-08-01,"Kevyt polttoöljy, snt/l",88.7
2008-09-01,Gasoline,149.9
2008-09-01,Diesel,133.1
2008-09-01,"Kevyt polttoöljy, snt/l",88.7
2008-10-01,Gasoline,139.7
2008-10-01,Diesel,120.9
2008-10-01,"Kevyt polttoöljy, snt/l",77.6
2008-11-01,Gasoline,122.8
2008-11-01,Diesel,109.1
2008-11-01,"Kevyt polttoöljy, snt/l",67.3
2008-12-01,Gasoline,114.4
2008-12-01,Diesel,101.1
2008-12-01,"Kevyt polttoöljy, snt/l",55.1
2009-01-01,Gasoline,114.7
2009-01-01,Diesel,98.2
2009-01-01,"Kevyt polttoöljy, snt/l",57.4
2009-02-01,Gasoline,118.3
2009-02-01,Diesel,97.0
2009-02-01,"Kevyt polttoöljy, snt/l",55.6
2009-03-01,Gasoline,119.6
2009-03-01,Diesel,93.1
2009-03-01,"Kevyt polttoöljy, snt/l",52.2
2009-04-01,Gasoline,122.9
2009-04-01,Diesel,94.9
2009-04-01,"Kevyt polttoöljy, snt/l",56.4
2009-05-01,Gasoline,130.1
2009-05-01,Diesel,98.0
2009-05-01,"Kevyt polttoöljy, snt/l",57.5
2009-06-01,Gasoline,137.4
2009-06-01,Diesel,101.5
2009-06-01,"Kevyt polttoöljy, snt/l",62.9
2009-07-01,Gasoline,134.3
2009-07-01,Diesel,99.6
2009-07-01,"Kevyt polttoöljy, snt/l",57.3
2009-08-01,Gasoline,135.9
2009-08-01,Diesel,102.1
2009-08-01,"Kevyt polttoöljy, snt/l",64.9
2009-09-01,Gasoline,131.9
2009-09-01,Diesel,99.8
2009-09-01,"Kevyt polttoöljy, snt/l",61.3
2009-10-01,Gasoline,129.8
2009-10-01,Diesel,99.2
2009-10-01,"Kevyt polttoöljy, snt/l",63.4
2009-11-01,Gasoline,133.7
2009-11-01,Diesel,103.7
2009-11-01,"Kevyt polttoöljy, snt/l",65.2
2009-12-01,Gasoline,132.2
2009-12-01,Diesel,102.8
2009-12-01,"Kevyt polttoöljy, snt/l",63.0
2010-01-01,Gasoline,136.9
2010-01-01,Diesel,108.0
2010-01-01,"Kevyt polttoöljy, snt/l",68.6
2010-02-01,Gasoline,134.9
2010-02-01,Diesel,106.0
2010-02-01,"Kevyt polttoöljy, snt/l",67.7
2010-03-01,Gasoline,142.3
2010-03-01,Diesel,111.6
2010-03-01,"Kevyt polttoöljy, snt/l",73.9
2010-04-01,Gasoline,144.8
2010-04-01,Diesel,114.4
2010-04-01,"Kevyt polttoöljy, snt/l",77.3
2010-05-01,Gasoline,145.9
2010-05-01,Diesel,115.9
2010-05-01,"Kevyt polttoöljy, snt/l",79.7
2010-06-01,Gasoline,144.8
2010-06-01,Diesel,116.2
2010-06-01,"Kevyt polttoöljy, snt/l",80.0
2010-07-01,Gasoline,144.7
2010-07-01,Diesel,115.2
2010-07-01,"Kevyt polttoöljy, snt/l",77.8
2010-08-01,Gasoline,143.1
2010-08-01,Diesel,114.4
2010-08-01,"Kevyt polttoöljy, snt/l",76.7
2010-09-01,Gasoline,143.6
2010-09-01,Diesel,115.5
2010-09-01,"Kevyt polttoöljy, snt/l",78.9
2010-10-01,Gasoline,141.6
2010-10-01,Diesel,114.0
2010-10-01,"Kevyt polttoöljy, snt/l",78.1
2010-11-01,Gasoline,143.1
2010-11-01,Diesel,117.4
2010-11-01,"Kevyt polttoöljy, snt/l",81.2
2010-12-01,Gasoline,149.3
2010-12-01,Diesel,126.8
2010-12-01,"Kevyt polttoöljy, snt/l",92.5
2011-01-01,Gasoline,150.9
2011-01-01,Diesel,131.0
2011-01-01,"Kevyt polttoöljy, snt/l",104.8
2011-02-01,Gasoline,150.6
2011-02-01,Diesel,131.9
2011-02-01,"Kevyt polttoöljy, snt/l",102.4
2011-03-01,Gasoline,156.2
2011-03-01,Diesel,138.1
2011-03-01,"Kevyt polttoöljy, snt/l",109.3
2011-04-01,Gasoline,157.0
2011-04-01,Diesel,137.4
2011-04-01,"Kevyt polttoöljy, snt/l",110.1
2011-05-01,Gasoline,159.5
2011-05-01,Diesel,137.8
2011-05-01,"Kevyt polttoöljy, snt/l",103.6
2011-06-01,Gasoline,158.4
2011-06-01,Diesel,137.7
2011-06-01,"Kevyt polttoöljy, snt/l",106.8
2011-07-01,Gasoline,158.4
2011-07-01,Diesel,137.5
2011-07-01,"Kevyt polttoöljy, snt/l",108.0
2011-08-01,Gasoline,157.4
2011-08-01,Diesel,136.6
2011-08-01,"Kevyt polttoöljy, snt/l",101.4
2011-09-01,Gasoline,158.4
2011-09-01,Diesel,137.3
2011-09-01,"Kevyt polttoöljy, snt/l",107.0
2011-10-01,Gasoline,157.2
2011-10-01,Diesel,136.7
2011-10-01,"Kevyt polttoöljy, snt/l",107.2
2011-11-01,Gasoline,156.4
2011-11-01,Diesel,140.0
2011-11-01,"Kevyt polttoöljy, snt/l",113.0
2011-12-01,Gasoline,153.1
2011-12-01,Diesel,139.8
2011-12-01,"Kevyt polttoöljy, snt/l",109.3
2012-01-01,Gasoline,160.6
2012-01-01,Diesel,155.7
2012-01-01,"Kevyt polttoöljy, snt/l",114.2
2012-02-01,Gasoline,163.4
2012-02-01,Diesel,157.0
2012-02-01,"Kevyt polttoöljy, snt/l",112.9
2012-03-01,Gasoline,167.3
2012-03-01,Diesel,158.0
2012-03-01,"Kevyt polttoöljy, snt/l",117.2
2012-04-01,Gasoline,171.7
2012-04-01,Diesel,155.7
2012-04-01,"Kevyt polttoöljy, snt/l",114.5
2012-05-01,Gasoline,166.5
2012-05-01,Diesel,153.5
2012-05-01,"Kevyt polttoöljy, snt/l",110.9
2012-06-01,Gasoline,162.8
2012-06-01,Diesel,149.5
2012-06-01,"Kevyt polttoöljy, snt/l",105.2
2012-07-01,Gasoline,165.4
2012-07-01,Diesel,150.3
2012-07-01,"Kevyt polttoöljy, snt/l",110.6
2012-08-01,Gasoline,169.7
2012-08-01,Diesel,153.7
2012-08-01,"Kevyt polttoöljy, snt/l",117.9
2012-09-01,Gasoline,173.7
2012-09-01,Diesel,156.8
2012-09-01,"Kevyt polttoöljy, snt/l",117.2
2012-10-01,Gasoline,170.2
2012-10-01,Diesel,156.9
2012-10-01,"Kevyt polttoöljy, snt/l",117.7
2012-11-01,Gasoline,162.8
2012-11-01,Diesel,154.0
2012-11-01,"Kevyt polttoöljy, snt/l",112.4
2012-12-01,Gasoline,159.5
2012-12-01,Diesel,152.2
2012-12-01,"Kevyt polttoöljy, snt/l",109.0
2013-01-01,Gasoline,161.2
2013-01-01,Diesel,153.0
2013-01-01,"Kevyt polttoöljy, snt/l",112.0
2013-02-01,Gasoline,164.2
2013-02-01,Diesel,154.7
2013-02-01,"Kevyt polttoöljy, snt/l",114.1
2013-03-01,Gasoline,165.9
2013-03-01,Diesel,155.7
2013-03-01,"Kevyt polttoöljy, snt/l",112.7
2013-04-01,Gasoline,165.7
2013-04-01,Diesel,154.0
2013-04-01,"Kevyt polttoöljy, snt/l",108.7
2013-05-01,Gasoline,160.5
2013-05-01,Diesel,148.0
2013-05-01,"Kevyt polttoöljy, snt/l",108.1
2013-06-01,Gasoline,162.8
2013-06-01,Diesel,147.5
2013-06-01,"Kevyt polttoöljy, snt/l",107.4
2013-07-01,Gasoline,165.6
2013-07-01,Diesel,148.4
2013-07-01,"Kevyt polttoöljy, snt/l",111.9
2013-08-01,Gasoline,165.2
2013-08-01,Diesel,148.3
2013-08-01,"Kevyt polttoöljy, snt/l",111.0
2013-09-01,Gasoline,165.9
2013-09-01,Diesel,150.1
2013-09-01,"Kevyt polttoöljy, snt/l",113.6
2013-10-01,Gasoline,162.1
2013-10-01,Diesel,150.8
2013-10-01,"Kevyt polttoöljy, snt/l",109.9
2013-11-01,Gasoline,158.6
2013-11-01,Diesel,148.2
2013-11-01,"Kevyt polttoöljy, snt/l",107.6
2013-12-01,Gasoline,159.2
2013-12-01,Diesel,149.5
2013-12-01,"Kevyt polttoöljy, snt/l",108.3
2014-01-01,Gasoline,163.1
2014-01-01,Diesel,153.3
2014-01-01,"Kevyt polttoöljy, snt/l",105.2
2014-02-01,Gasoline,160.7
2014-02-01,Diesel,151.8
2014-02-01,"Kevyt polttoöljy, snt/l",105.5
2014-03-01,Gasoline,159.8
2014-03-01,Diesel,150.6
2014-03-01,"Kevyt polttoöljy, snt/l",102.0
2014-04-01,Gasoline,162.7
2014-04-01,Diesel,152.3
2014-04-01,"Kevyt polttoöljy, snt/l",103.5
2014-05-01,Gasoline,161.8
2014-05-01,Diesel,150.7
2014-05-01,"Kevyt polttoöljy, snt/l",104.1
2014-06-01,Gasoline,162.0
2014-06-01,Diesel,148.1
2014-06-01,"Kevyt polttoöljy, snt/l",104.0
2014-07-01,Gasoline,166.2
2014-07-01,Diesel,149.0
2014-07-01,"Kevyt polttoöljy, snt/l",104.2
2014-08-01,Gasoline,165.5
2014-08-01,Diesel,148.1
2014-08-01,"Kevyt polttoöljy, snt/l",105.0
2014-09-01,Gasoline,162.4
2014-09-01,Diesel,145.7
2014-09-01,"Kevyt polttoöljy, snt/l",104.3
2014-10-01,Gasoline,159.5
2014-10-01,Diesel,143.3
2014-10-01,"Kevyt polttoöljy, snt/l",100.2
2014-11-01,Gasoline,152.1
2014-11-01,Diesel,142.9
2014-11-01,"Kevyt polttoöljy, snt/l",98.8
2014-12-01,Gasoline,144.1
2014-12-01,Diesel,135.1
2014-12-01,"Kevyt polttoöljy, snt/l",86.4
2015-01-01,Gasoline,136.7
2015-01-01,Diesel,127.9
2015-01-01,"Kevyt polttoöljy, snt/l",80.5
2015-02-01,Gasoline,138.0
2015-02-01,Diesel,128.5
2015-02-01,"Kevyt polttoöljy, snt/l",92.6
2015-03-01,Gasoline,145.1
2015-03-01,Diesel,135.1
2015-03-01,"Kevyt polttoöljy, snt/l",92.1
2015-04-01,Gasoline,148.9
2015-04-01,Diesel,135.3
2015-04-01,"Kevyt polttoöljy, snt/l",93.5
2015-05-01,Gasoline,153.1
2015-05-01,Diesel,134.1
2015-05-01,"Kevyt polttoöljy, snt/l",95.7
2015-06-01,Gasoline,155.2
2015-06-01,Diesel,135.6
2015-06-01,"Kevyt polttoöljy, snt/l",90.3
2015-07-01,Gasoline,156.3
2015-07-01,Diesel,135.4
2015-07-01,"Kevyt polttoöljy, snt/l",84.3
2015-08-01,Gasoline,152.4
2015-08-01,Diesel,129.5
2015-08-01,"Kevyt polttoöljy, snt/l",80.0
2015-09-01,Gasoline,143.4
2015-09-01,Diesel,123.2
2015-09-01,"Kevyt polttoöljy, snt/l",79.0
2015-10-01,Gasoline,140.4
2015-10-01,Diesel,123.6
2015-10-01,"Kevyt polttoöljy, snt/l",77.6
2015-11-01,Gasoline,140.9
2015-11-01,Diesel,124.5
2015-11-01,"Kevyt polttoöljy, snt/l",78.1
2015-12-01,Gasoline,137.0
2015-12-01,Diesel,120.6
2015-12-01,"Kevyt polttoöljy, snt/l",66.4
2016-01-01,Gasoline,135.2
2016-01-01,Diesel,115.9
2016-01-01,"Kevyt polttoöljy, snt/l",65.2
2016-02-01,Gasoline,130.4
2016-02-01,Diesel,110.7
2016-02-01,"Kevyt polttoöljy, snt/l",64.3
2016-03-01,Gasoline,131.2
2016-03-01,Diesel,113.6
2016-03-01,"Kevyt polttoöljy, snt/l",73.0
2016-04-01,Gasoline,133.5
2016-04-01,Diesel,113.1
2016-04-01,"Kevyt polttoöljy, snt/l",73.1
2016-05-01,Gasoline,138.0
2016-05-01,Diesel,116.3
2016-05-01,"Kevyt polttoöljy, snt/l",76.2
2016-06-01,Gasoline,142.8
2016-06-01,Diesel,122.1
2016-06-01,"Kevyt polttoöljy, snt/l",81.5
2016-07-01,Gasoline,138.2
2016-07-01,Diesel,118.0
2016-07-01,"Kevyt polttoöljy, snt/l",76.7
2016-08-01,Gasoline,133.4
2016-08-01,Diesel,113.6
2016-08-01,"Kevyt polttoöljy, snt/l",76.2
2016-09-01,Gasoline,138.3
2016-09-01,Diesel,119.0
2016-09-01,"Kevyt polttoöljy, snt/l",77.7
2016-10-01,Gasoline,141.5
2016-10-01,Diesel,124.0
2016-10-01,"Kevyt polttoöljy, snt/l",83.4
2016-11-01,Gasoline,138.0
2016-11-01,Diesel,125.7
2016-11-01,"Kevyt polttoöljy, snt/l",79.0
2016-12-01,Gasoline,143.0
2016-12-01,Diesel,132.4
2016-12-01,"Kevyt polttoöljy, snt/l",88.3
2017-01-01,Gasoline,147.5
2017-01-01,Diesel,136.1
2017-01-01,"Kevyt polttoöljy, snt/l",90.0
2017-02-01,Gasoline,150.5
2017-02-01,Diesel,136.5
2017-02-01,"Kevyt polttoöljy, snt/l",90.1
2017-03-01,Gasoline,146.3
2017-03-01,Diesel,132.1
2017-03-01,"Kevyt polttoöljy, snt/l",87.3
2017-04-01,Gasoline,147.1
2017-04-01,Diesel,128.5
2017-04-01,"Kevyt polttoöljy, snt/l",91.0
2017-05-01,Gasoline,145.6
2017-05-01,Diesel,125.1
2017-05-01,"Kevyt polttoöljy, snt/l",85.2
2017-06-01,Gasoline,146.1
2017-06-01,Diesel,125.2
2017-06-01,"Kevyt polttoöljy, snt/l",82.2
2017-07-01,Gasoline,144.6
2017-07-01,Diesel,124.4
2017-07-01,"Kevyt polttoöljy, snt/l",82.4
2017-08-01,Gasoline,144.6
2017-08-01,Diesel,125.0
2017-08-01,"Kevyt polttoöljy, snt/l",84.8
2017-09-01,Gasoline,145.8
2017-09-01,Diesel,126.6
2017-09-01,"Kevyt polttoöljy, snt/l",87.9
2017-10-01,Gasoline,143.2
2017-10-01,Diesel,127.1
2017-10-01,"Kevyt polttoöljy, snt/l",88.9
2017-11-01,Gasoline,149.3
2017-11-01,Diesel,134.8
2017-11-01,"Kevyt polttoöljy, snt/l",93.1
2017-12-01,Gasoline,142.6
2017-12-01,Diesel,130.5
2017-12-01,"Kevyt polttoöljy, snt/l",92.1
2018-01-01,Gasoline,146.4
2018-01-01,Diesel,135.1
2018-01-01,"Kevyt polttoöljy, snt/l",98.2
2018-02-01,Gasoline,144.5
2018-02-01,Diesel,132.6
2018-02-01,"Kevyt polttoöljy, snt/l",91.5
2018-03-01,Gasoline,143.3
2018-03-01,Diesel,131.8
2018-03-01,"Kevyt polttoöljy, snt/l",91.2
2018-04-01,Gasoline,144.7
2018-04-01,Diesel,130.8
2018-04-01,"Kevyt polttoöljy, snt/l",97.4
2018-05-01,Gasoline,150.2
2018-05-01,Diesel,134.6
2018-05-01,"Kevyt polttoöljy, snt/l",101.9
2018-06-01,Gasoline,155.4
2018-06-01,Diesel,139.7
2018-06-01,"Kevyt polttoöljy, snt/l",102.3
2018-07-01,Gasoline,151.6
2018-07-01,Diesel,135.6
2018-07-01,"Kevyt polttoöljy, snt/l",101.1
2018-08-01,Gasoline,157.0
2018-08-01,Diesel,139.6
2018-08-01,"Kevyt polttoöljy, snt/l",103.3
2018-09-01,Gasoline,157.8
2018-09-01,Diesel,140.3
2018-09-01,"Kevyt polttoöljy, snt/l",104.1
2018-10-01,Gasoline,153.8
2018-10-01,Diesel,144.5
2018-10-01,"Kevyt polttoöljy, snt/l",107.6
2018-11-01,Gasoline,155.0
2018-11-01,Diesel,154.6
2018-11-01,"Kevyt polttoöljy, snt/l",103.3
2018-12-01,Gasoline,148.0
2018-12-01,Diesel,147.0
2018-12-01,"Kevyt polttoöljy, snt/l",93.0
2019-01-01,Gasoline,144.0
2019-01-01,Diesel,139.0
2019-01-01,"Kevyt polttoöljy, snt/l",93.0
2019-02-01,Gasoline,143.0
2019-02-01,Diesel,140.0
2019-02-01,"Kevyt polttoöljy, snt/l",97.0
2019-03-01,Gasoline,148.0
2019-03-01,Diesel,144.0
2019-03-01,"Kevyt polttoöljy, snt/l",100.0
2019-04-01,Gasoline,156.0
2019-04-01,Diesel,142.0
2019-04-01,"Kevyt polttoöljy, snt/l",101.0
2019-05-01,Gasoline,159.0
2019-05-01,Diesel,142.0
2019-05-01,"Kevyt polttoöljy, snt/l",103.0
2019-06-01,Gasoline,158.0
2019-06-01,Diesel,140.0
2019-06-01,"Kevyt polttoöljy, snt/l",95.0
2019-07-01,Gasoline,157.0
2019-07-01,Diesel,138.0
2019-07-01,"Kevyt polttoöljy, snt/l",98.0
2019-08-01,Gasoline,154.0
2019-08-01,Diesel,136.0
2019-08-01,"Kevyt polttoöljy, snt/l",95.0
2019-09-01,Gasoline,154.0
2019-09-01,Diesel,140.0
2019-09-01,"Kevyt polttoöljy, snt/l",99.0
2019-10-01,Gasoline,153.0
2019-10-01,Diesel,142.0
2019-10-01,"Kevyt polttoöljy, snt/l",99.0
2019-11-01,Gasoline,153.0
2019-11-01,Diesel,142.0
2019-11-01,"Kevyt polttoöljy, snt/l",98.0
2019-12-01,Gasoline,153.0
2019-12-01,Diesel,143.0
2019-12-01,"Kevyt polttoöljy, snt/l",99.0
2020-01-01,Gasoline,155.0
2020-01-01,Diesel,146.0
2020-01-01,"Kevyt polttoöljy, snt/l",99.0
2020-02-01,Gasoline,151.0
2020-02-01,Diesel,139.0
2020-02-01,"Kevyt polttoöljy, snt/l",91.0
2020-03-01,Gasoline,143.0
2020-03-01,Diesel,130.0
2020-03-01,"Kevyt polttoöljy, snt/l",77.0
2020-04-01,Gasoline,133.0
2020-04-01,Diesel,123.0
2020-04-01,"Kevyt polttoöljy, snt/l",70.0
2020-05-01,Gasoline,128.0
2020-05-01,Diesel,116.0
2020-05-01,"Kevyt polttoöljy, snt/l",60.0
2020-06-01,Gasoline,135.0
2020-06-01,Diesel,118.0
2020-06-01,"Kevyt polttoöljy, snt/l",74.0
2020-07-01,Gasoline,140.0
2020-07-01,Diesel,122.0
2020-07-01,"Kevyt polttoöljy, snt/l",77.0
2020-08-01,Gasoline,145.0
2020-08-01,Diesel,128.0
2020-08-01,"Kevyt polttoöljy, snt/l",76.0
2020-09-01,Gasoline,145.0
2020-09-01,Diesel,125.0
2020-09-01,"Kevyt polttoöljy, snt/l",71.0
2020-10-01,Gasoline,145.0
2020-10-01,Diesel,124.0
2020-10-01,"Kevyt polttoöljy, snt/l",72.0
2020-11-01,Gasoline,138.0
2020-11-01,Diesel,124.0
2020-11-01,"Kevyt polttoöljy, snt/l",72.0
2020-12-01,Gasoline,143.0
2020-12-01,Diesel,130.0
2020-12-01,"Kevyt polttoöljy, snt/l",77.0
2021-01-01,Gasoline,148.0
2021-01-01,Diesel,138.0
2021-01-01,"Kevyt polttoöljy, snt/l",86.0
2021-02-01,Gasoline,155.0
2021-02-01,Diesel,144.0
2021-02-01,"Kevyt polttoöljy, snt/l",92.0
2021-03-01,Gasoline,161.0
2021-03-01,Diesel,150.0
2021-03-01,"Kevyt polttoöljy, snt/l",96.0
2021-04-01,Gasoline,164.0
2021-04-01,Diesel,150.0
2021-04-01,"Kevyt polttoöljy, snt/l",93.0
2021-05-01,Gasoline,166.0
2021-05-01,Diesel,150.0
2021-05-01,"Kevyt polttoöljy, snt/l",97.0
2021-06-01,Gasoline,164.0
2021-06-01,Diesel,149.0
2021-06-01,"Kevyt polttoöljy, snt/l",99.0
2021-07-01,Gasoline,170.0
2021-07-01,Diesel,152.0
2021-07-01,"Kevyt polttoöljy, snt/l",101.0
2021-08-01,Gasoline,173.0
2021-08-01,Diesel,153.0
2021-08-01,"Kevyt polttoöljy, snt/l",101.0
2021-09-01,Gasoline,172.0
2021-09-01,Diesel,152.0
2021-09-01,"Kevyt polttoöljy, snt/l",103.0
2021-10-01,Gasoline,180.0
2021-10-01,Diesel,163.0
2021-10-01,"Kevyt polttoöljy, snt/l",114.0
2021-11-01,Gasoline,189.0
2021-11-01,Diesel,170.0
2021-11-01,"Kevyt polttoöljy, snt/l",115.0
2021-12-01,Gasoline,182.0
2021-12-01,Diesel,167.0
2021-12-01,"Kevyt polttoöljy, snt/l",111.0
2022-01-01,Gasoline,188.0
2022-01-01,Diesel,178.0
2022-01-01,"Kevyt polttoöljy, snt/l",118.0
2022-02-01,Gasoline,194.0
2022-02-01,Diesel,187.0
2022-02-01,"Kevyt polttoöljy, snt/l",129.0
2022-03-01,Gasoline,223.0
2022-03-01,Diesel,233.0
2022-03-01,"Kevyt polttoöljy, snt/l",206.0
2022-04-01,Gasoline,217.0
2022-04-01,Diesel,222.0
2022-04-01,"Kevyt polttoöljy, snt/l",159.0
2022-05-01,Gasoline,230.0
2022-05-01,Diesel,227.0
2022-05-01,"Kevyt polttoöljy, snt/l",174.0
2022-06-01,Gasoline,257.0
2022-06-01,Diesel,244.0
2022-06-01,"Kevyt polttoöljy, snt/l",195.0
2022-07-01,Gasoline,233.0
2022-07-01,Diesel,227.0
2022-07-01,"Kevyt polttoöljy, snt/l",178.0
2022-08-01,Gasoline,214.0
2022-08-01,Diesel,209.0
2022-08-01,"Kevyt polttoöljy, snt/l",162.0
2022-09-01,Gasoline,207.0
2022-09-01,Diesel,216.0
2022-09-01,"Kevyt polttoöljy, snt/l",173.0
2022-10-01,Gasoline,207.0
2022-10-01,Diesel,217.0
2022-10-01,"Kevyt polttoöljy, snt/l",193.0
2022-11-01,Gasoline,207.0
2022-11-01,Diesel,228.0
2022-11-01,"Kevyt polttoöljy, snt/l",180.0
2022-12-01,Gasoline,187.0
2022-12-01,Diesel,198.0
2022-12-01,"Kevyt polttoöljy, snt/l",144.0
2023-01-01,Gasoline,191.0
2023-01-01,Diesel,208.0
2023-01-01,"Kevyt polttoöljy, snt/l",155.0
2023-02-01,Gasoline,199.0
2023-02-01,Diesel,207.0
2023-02-01,"Kevyt polttoöljy, snt/l",145.0
2023-03-01,Gasoline,198.0
2023-03-01,Diesel,202.0
2023-03-01,"Kevyt polttoöljy, snt/l",145.0
2023-04-01,Gasoline,200.0
2023-04-01,Diesel,196.0
2023-04-01,"Kevyt polttoöljy, snt/l",140.0
2023-05-01,Gasoline,196.0
2023-05-01,Diesel,186.0
2023-05-01,"Kevyt polttoöljy, snt/l",128.0
2023-06-01,Gasoline,198.0
2023-06-01,Diesel,185.0
2023-06-01,"Kevyt polttoöljy, snt/l",133.0
2023-07-01,Gasoline,194.0
2023-07-01,Diesel,185.0
2023-07-01,"Kevyt polttoöljy, snt/l",135.0
2023-08-01,Gasoline,198.0
2023-08-01,Diesel,194.0
2023-08-01,"Kevyt polttoöljy, snt/l",151.0
2023-09-01,Gasoline,205.0
2023-09-01,Diesel,205.0
2023-09-01,"Kevyt polttoöljy, snt/l",159.0
2023-10-01,Gasoline,200.0
2023-10-01,Diesel,206.0
2023-10-01,"Kevyt polttoöljy, snt/l",154.0
2023-11-01,Gasoline,195.0
2023-11-01,Diesel,203.0
2023-11-01,"Kevyt polttoöljy, snt/l",148.0
2023-12-01,Gasoline,187.0
2023-12-01,Diesel,197.0
2023-12-01,"Kevyt polttoöljy, snt/l",141.0
2024-01-01,Gasoline,176.0
2024-01-01,Diesel,183.0
2024-01-01,"Kevyt polttoöljy, snt/l",137.0
2024-02-01,Gasoline,182.0
2024-02-01,Diesel,191.0
2024-02-01,"Kevyt polttoöljy, snt/l",149.0
2024-03-01,Gasoline,192.0
2024-03-01,Diesel,194.0
2024-03-01,"Kevyt polttoöljy, snt/l",144.0
2024-04-01,Gasoline,190.0
2024-04-01,Diesel,187.0
2024-04-01,"Kevyt polttoöljy, snt/l",147.0
2024-05-01,Gasoline,188.0
2024-05-01,Diesel,178.0
2024-05-01,"Kevyt polttoöljy, snt/l",137.0
2024-06-01,Gasoline,186.0
2024-06-01,Diesel,175.0
2024-06-01,"Kevyt polttoöljy, snt/l",133.0
2024-07-01,Gasoline,187.0
2024-07-01,Diesel,177.0
2024-07-01,"Kevyt polttoöljy, snt/l",140.0
2024-08-01,Gasoline,185.0
2024-08-01,Diesel,175.0
2024-08-01,"Kevyt polttoöljy, snt/l",132.0
2024-09-01,Gasoline,180.0
2024-09-01,Diesel,171.0
2024-09-01,"Kevyt polttoöljy, snt/l",127.0
2024-10-01,Gasoline,178.0
2024-10-01,Diesel,170.0
2024-10-01,"Kevyt polttoöljy, snt/l",132.0
2024-11-01,Gasoline,175.0
2024-11-01,Diesel,172.0
2024-11-01,"Kevyt polttoöljy, snt/l",132.0
2024-12-01,Gasoline,176.0
2024-12-01,Diesel,177.0
2024-12-01,"Kevyt polttoöljy, snt/l",129.0
2025-01-01,Gasoline,179.0
2025-01-01,Diesel,180.0
2025-01-01,"Kevyt polttoöljy, snt/l",133.0
2025-02-01,Gasoline,178.0
2025-02-01,Diesel,179.0
2025-02-01,"Kevyt polttoöljy, snt/l",132.0
2025-03-01,Gasoline,179.0
2025-03-01,Diesel,179.0
2025-03-01,"Kevyt polttoöljy, snt/l",126.0
